x	y	label	key	showSelected1
1	14.7833333333333	13.3	nonchilled	1
2	12.7333333333333	11.2	chilled	1
1	26.6166666666667	25.1	nonchilled	2
2	20.95	19.4	chilled	2
1	33.9666666666667	32.5	nonchilled	3
2	26.7833333333333	25.3	chilled	3
1	36.6333333333333	35.1	nonchilled	4
2	27.7	26.2	chilled	4
1	36.6	35.1	nonchilled	5
2	28.15	26.6	chilled	5
1	37.5166666666667	36	nonchilled	6
2	29.3833333333333	27.9	chilled	6
1	38.8833333333333	37.4	nonchilled	7
2	31.2833333333333	29.8	chilled	7
