x	y	label	key	showSelected1
1	15.5666666666667	14.1	Quebec	1
2	11.95	10.4	Mississippi	1
1	28.5833333333333	27.1	Quebec	2
2	18.9833333333333	17.5	Mississippi	2
1	37.4333333333333	35.9	Quebec	3
2	23.3166666666667	21.8	Mississippi	3
1	39.5833333333333	38.1	Quebec	4
2	24.75	23.2	Mississippi	4
1	39.6333333333333	38.1	Quebec	5
2	25.1166666666667	23.6	Mississippi	5
1	41	39.5	Quebec	6
2	25.9	24.4	Mississippi	6
1	43.5	42	Quebec	7
2	26.6666666666667	25.2	Mississippi	7
